,Dataset,Number of Keypoints,Detector/Descriptor
0,Tech_Park,272.7345132743363,AGAST+SIFT
1,Tech_Park,117.30973451327434,AGAST+SIFT
2,Tech_Park,139.3716814159292,AGAST+SIFT
3,Tech_Park,331.6814159292035,AGAST+SIFT
4,Tech_Park,214.6283185840708,AGAST+SIFT
5,Tech_Park,180.7433628318584,AGAST+SIFT
6,Tech_Park,399.4424778761062,AGAST+SIFT
7,Tech_Park,1031.9557522123894,AGAST+SIFT
8,Tech_Park,1324.212389380531,AGAST+SIFT
9,Tech_Park,1382.9734513274336,AGAST+SIFT
10,Tech_Park,1314.654867256637,AGAST+SIFT
11,Tech_Park,893.4867256637168,AGAST+SIFT
12,Tech_Park,753.566371681416,AGAST+SIFT
13,Tech_Park,770.5752212389381,AGAST+SIFT
14,Tech_Park,176.20353982300884,AGAST+SIFT
15,Tech_Park,403.86725663716817,AGAST+SIFT
16,Tech_Park,833.8849557522124,AGAST+SIFT
17,Tech_Park,1253.9646017699115,AGAST+SIFT
18,Tech_Park,1320.8407079646017,AGAST+SIFT
19,Tech_Park,1264.2300884955753,AGAST+SIFT
20,Tech_Park,768.7433628318585,AGAST+SIFT
21,Tech_Park,254.1504424778761,AGAST+SIFT
22,Tech_Park,150.20353982300884,AGAST+SIFT
23,Tech_Park,248.32743362831857,AGAST+SIFT
24,Tech_Park,303.9380530973451,AGAST+SIFT
25,Tech_Park,998.2300884955753,AGAST+SIFT
26,Tech_Park,835.29203539823,AGAST+SIFT
27,Tech_Park,155.69026548672565,AGAST+SIFT
28,Tech_Park,238.72566371681415,AGAST+SIFT
29,Tech_Park,210.94690265486724,AGAST+SIFT
30,Tech_Park,230.28318584070797,AGAST+SIFT
31,Tech_Park,433.94690265486724,AGAST+SIFT
32,Tech_Park,255.63716814159292,AGAST+SIFT
33,Tech_Park,124.03539823008849,AGAST+SIFT
34,Tech_Park,309.12389380530976,AGAST+SIFT
35,Tech_Park,185.30088495575222,AGAST+SIFT
36,Tech_Park,261.86725663716817,AGAST+SIFT
37,Tech_Park,281.2920353982301,AGAST+SIFT
38,Tech_Park,575.9026548672566,AGAST+SIFT
39,Tech_Park,936.433628318584,AGAST+SIFT
40,Tech_Park,921.8495575221239,AGAST+SIFT
41,Tech_Park,1012.1504424778761,AGAST+SIFT
42,Tech_Park,409.8938053097345,AGAST+SIFT
43,Tech_Park,266.91150442477874,AGAST+SIFT
44,Tech_Park,480.3185840707965,AGAST+SIFT
45,Tech_Park,676.5840707964602,AGAST+SIFT
46,Tech_Park,996.2300884955753,AGAST+SIFT
47,Tech_Park,952.1946902654868,AGAST+SIFT
48,Tech_Park,696.1858407079646,AGAST+SIFT
49,Tech_Park,347.76106194690266,AGAST+SIFT
50,Tech_Park,387.53982300884957,AGAST+SIFT
51,Tech_Park,475.75221238938053,AGAST+SIFT
52,Tech_Park,271.86725663716817,AGAST+SIFT
53,Tech_Park,193.18584070796462,AGAST+SIFT
54,Tech_Park,304.5221238938053,AGAST+SIFT
55,Tech_Park,345.27433628318585,AGAST+SIFT
56,Tech_Park,418.24778761061947,AGAST+SIFT
57,Tech_Park,274.8141592920354,AGAST+SIFT
58,Tech_Park,407.98230088495575,AGAST+SIFT
59,Tech_Park,315.57522123893807,AGAST+SIFT
60,Tech_Park,191.32743362831857,AGAST+SIFT
61,Tech_Park,132.58407079646017,AGAST+SIFT
62,Tech_Park,87.26548672566372,AGAST+SIFT
63,Tech_Park,201.39823008849558,AGAST+SIFT
64,Tech_Park,240.20353982300884,AGAST+SIFT
65,Tech_Park,188.91150442477877,AGAST+SIFT
66,Tech_Park,353.49557522123894,AGAST+SIFT
67,Tech_Park,442.46017699115043,AGAST+SIFT
68,Tech_Park,1064.867256637168,AGAST+SIFT
69,Tech_Park,1014.4690265486726,AGAST+SIFT
70,Tech_Park,1320.141592920354,AGAST+SIFT
71,Tech_Park,766.1238938053098,AGAST+SIFT
72,Tech_Park,1247.0530973451328,AGAST+SIFT
73,Tech_Park,1077.486725663717,AGAST+SIFT
74,Tech_Park,1384.9646017699115,AGAST+SIFT
75,Tech_Park,1290.716814159292,AGAST+SIFT
76,Tech_Park,1130.3274336283187,AGAST+SIFT
77,Tech_Park,1061.4690265486727,AGAST+SIFT
78,Tech_Park,998.70796460177,AGAST+SIFT
79,Tech_Park,695.4690265486726,AGAST+SIFT
80,Tech_Park,506.20353982300884,AGAST+SIFT
81,Tech_Park,272.2566371681416,AGAST+SIFT
82,Tech_Park,222.92920353982302,AGAST+SIFT
83,Tech_Park,234.8230088495575,AGAST+SIFT
84,Tech_Park,221.23893805309734,AGAST+SIFT
85,Tech_Park,127.17699115044248,AGAST+SIFT
86,Tech_Park,140.5929203539823,AGAST+SIFT
87,Tech_Park,156.81415929203538,AGAST+SIFT
88,Tech_Park,405.8938053097345,AGAST+SIFT
89,Tech_Park,514.566371681416,AGAST+SIFT
90,Tech_Park,286.0353982300885,AGAST+SIFT
91,Tech_Park,411.6371681415929,AGAST+SIFT
92,Tech_Park,441.4159292035398,AGAST+SIFT
93,Tech_Park,519.1238938053098,AGAST+SIFT
94,Tech_Park,291.1061946902655,AGAST+SIFT
95,Tech_Park,360.87610619469024,AGAST+SIFT
96,Tech_Park,135.64601769911505,AGAST+SIFT
97,Tech_Park,375.0088495575221,AGAST+SIFT
98,Tech_Park,419.82300884955754,AGAST+SIFT
99,Tech_Park,429.46902654867256,AGAST+SIFT
100,Tech_Park,727.3539823008849,AGAST+SIFT
101,Tech_Park,960.0442477876106,AGAST+SIFT
102,Tech_Park,1002.7433628318585,AGAST+SIFT
103,Tech_Park,1358.867256637168,AGAST+SIFT
104,Tech_Park,925.0796460176991,AGAST+SIFT
105,Tech_Park,840.0796460176991,AGAST+SIFT
106,Tech_Park,794.7433628318585,AGAST+SIFT
107,Tech_Park,748.5398230088496,AGAST+SIFT
108,Tech_Park,350.6371681415929,AGAST+SIFT
109,Tech_Park,399.91150442477874,AGAST+SIFT
110,Tech_Park,480.04424778761063,AGAST+SIFT
111,Tech_Park,238.05309734513276,AGAST+SIFT
112,Tech_Park,561.7699115044247,AGAST+SIFT
113,Tech_Park,76.929203539823,AKAZE
114,Tech_Park,52.19469026548673,AKAZE
115,Tech_Park,88.65486725663717,AKAZE
116,Tech_Park,115.29203539823008,AKAZE
117,Tech_Park,88.929203539823,AKAZE
118,Tech_Park,75.75221238938053,AKAZE
119,Tech_Park,136.13274336283186,AKAZE
120,Tech_Park,290.92035398230087,AKAZE
121,Tech_Park,370.9734513274336,AKAZE
122,Tech_Park,410.6725663716814,AKAZE
123,Tech_Park,397.98230088495575,AKAZE
124,Tech_Park,292.43362831858406,AKAZE
125,Tech_Park,271.04424778761063,AKAZE
126,Tech_Park,269.30973451327435,AKAZE
127,Tech_Park,104.24778761061947,AKAZE
128,Tech_Park,148.83185840707964,AKAZE
129,Tech_Park,232.8495575221239,AKAZE
130,Tech_Park,326.95575221238937,AKAZE
131,Tech_Park,337.8141592920354,AKAZE
132,Tech_Park,354.07964601769913,AKAZE
133,Tech_Park,218.06194690265488,AKAZE
134,Tech_Park,77.34513274336283,AKAZE
135,Tech_Park,66.84955752212389,AKAZE
136,Tech_Park,83.72566371681415,AKAZE
137,Tech_Park,118.71681415929204,AKAZE
138,Tech_Park,51.60176991150443,AKAZE
139,Tech_Park,51.04424778761062,AKAZE
140,Tech_Park,73.72566371681415,AKAZE
141,Tech_Park,70.28318584070796,AKAZE
142,Tech_Park,73.5575221238938,AKAZE
143,Tech_Park,67.04424778761062,AKAZE
144,Tech_Park,60.849557522123895,AKAZE
145,Tech_Park,48.04424778761062,AKAZE
146,Tech_Park,81.33628318584071,AKAZE
147,Tech_Park,96.51327433628319,AKAZE
148,Tech_Park,79.35398230088495,AKAZE
149,Tech_Park,81.32743362831859,AKAZE
150,Tech_Park,89.22123893805309,AKAZE
151,Tech_Park,185.86725663716814,AKAZE
152,Tech_Park,217.02654867256638,AKAZE
153,Tech_Park,217.91150442477877,AKAZE
154,Tech_Park,204.94690265486724,AKAZE
155,Tech_Park,126.95575221238938,AKAZE
156,Tech_Park,105.86725663716814,AKAZE
157,Tech_Park,148.2566371681416,AKAZE
158,Tech_Park,177.3716814159292,AKAZE
159,Tech_Park,216.16814159292036,AKAZE
160,Tech_Park,256.2654867256637,AKAZE
161,Tech_Park,180.76106194690266,AKAZE
162,Tech_Park,102.07964601769912,AKAZE
163,Tech_Park,82.32743362831859,AKAZE
164,Tech_Park,70.6283185840708,AKAZE
165,Tech_Park,72.01769911504425,AKAZE
166,Tech_Park,69.00884955752213,AKAZE
167,Tech_Park,69.78761061946902,AKAZE
168,Tech_Park,68.16814159292035,AKAZE
169,Tech_Park,75.12389380530973,AKAZE
170,Tech_Park,70.50442477876106,AKAZE
171,Tech_Park,60.008849557522126,AKAZE
172,Tech_Park,72.05309734513274,AKAZE
173,Tech_Park,78.06194690265487,AKAZE
174,Tech_Park,63.230088495575224,AKAZE
175,Tech_Park,58.75221238938053,AKAZE
176,Tech_Park,92.31858407079646,AKAZE
177,Tech_Park,113.68141592920354,AKAZE
178,Tech_Park,71.57522123893806,AKAZE
179,Tech_Park,74.72566371681415,AKAZE
180,Tech_Park,122.52212389380531,AKAZE
181,Tech_Park,300.2212389380531,AKAZE
182,Tech_Park,330.7079646017699,AKAZE
183,Tech_Park,411.9026548672566,AKAZE
184,Tech_Park,331.8407079646018,AKAZE
185,Tech_Park,381.4070796460177,AKAZE
186,Tech_Park,342.88495575221236,AKAZE
187,Tech_Park,423.75221238938053,AKAZE
188,Tech_Park,396.34513274336285,AKAZE
189,Tech_Park,336.2920353982301,AKAZE
190,Tech_Park,307.3893805309734,AKAZE
191,Tech_Park,296.6371681415929,AKAZE
192,Tech_Park,211.90265486725664,AKAZE
193,Tech_Park,138.0,AKAZE
194,Tech_Park,46.80530973451327,AKAZE
195,Tech_Park,96.46902654867256,AKAZE
196,Tech_Park,123.24778761061947,AKAZE
197,Tech_Park,109.43362831858407,AKAZE
198,Tech_Park,74.77876106194691,AKAZE
199,Tech_Park,55.30088495575221,AKAZE
200,Tech_Park,87.15044247787611,AKAZE
201,Tech_Park,104.7433628318584,AKAZE
202,Tech_Park,127.32743362831859,AKAZE
203,Tech_Park,103.15044247787611,AKAZE
204,Tech_Park,137.58407079646017,AKAZE
205,Tech_Park,132.38938053097345,AKAZE
206,Tech_Park,158.47787610619469,AKAZE
207,Tech_Park,135.89380530973452,AKAZE
208,Tech_Park,96.54867256637168,AKAZE
209,Tech_Park,42.21238938053097,AKAZE
210,Tech_Park,86.38938053097345,AKAZE
211,Tech_Park,115.45132743362832,AKAZE
212,Tech_Park,124.070796460177,AKAZE
213,Tech_Park,218.69911504424778,AKAZE
214,Tech_Park,294.08849557522126,AKAZE
215,Tech_Park,280.4513274336283,AKAZE
216,Tech_Park,394.53097345132744,AKAZE
217,Tech_Park,221.92920353982302,AKAZE
218,Tech_Park,216.69026548672565,AKAZE
219,Tech_Park,172.24778761061947,AKAZE
220,Tech_Park,153.8495575221239,AKAZE
221,Tech_Park,106.38938053097345,AKAZE
222,Tech_Park,102.1858407079646,AKAZE
223,Tech_Park,98.61946902654867,AKAZE
224,Tech_Park,56.336283185840706,AKAZE
225,Tech_Park,142.69026548672565,AKAZE
226,Tech_Park,106.32743362831859,BRISK
227,Tech_Park,57.176991150442475,BRISK
228,Tech_Park,87.80530973451327,BRISK
229,Tech_Park,206.7787610619469,BRISK
230,Tech_Park,100.23893805309734,BRISK
231,Tech_Park,77.06194690265487,BRISK
232,Tech_Park,217.76991150442478,BRISK
233,Tech_Park,704.7699115044247,BRISK
234,Tech_Park,911.8407079646017,BRISK
235,Tech_Park,998.0530973451328,BRISK
236,Tech_Park,918.0265486725664,BRISK
237,Tech_Park,586.9734513274336,BRISK
238,Tech_Park,553.3362831858407,BRISK
239,Tech_Park,549.4513274336283,BRISK
240,Tech_Park,96.64601769911505,BRISK
241,Tech_Park,221.28318584070797,BRISK
242,Tech_Park,439.8407079646018,BRISK
243,Tech_Park,772.6548672566372,BRISK
244,Tech_Park,845.3893805309734,BRISK
245,Tech_Park,840.0619469026549,BRISK
246,Tech_Park,437.72566371681415,BRISK
247,Tech_Park,112.83185840707965,BRISK
248,Tech_Park,76.67256637168141,BRISK
249,Tech_Park,117.73451327433628,BRISK
250,Tech_Park,167.39823008849558,BRISK
251,Tech_Park,486.92035398230087,BRISK
252,Tech_Park,376.283185840708,BRISK
253,Tech_Park,75.05309734513274,BRISK
254,Tech_Park,95.76991150442478,BRISK
255,Tech_Park,84.38938053097345,BRISK
256,Tech_Park,91.79646017699115,BRISK
257,Tech_Park,129.97345132743362,BRISK
258,Tech_Park,105.76106194690266,BRISK
259,Tech_Park,79.43362831858407,BRISK
260,Tech_Park,157.95575221238937,BRISK
261,Tech_Park,98.72566371681415,BRISK
262,Tech_Park,103.10619469026548,BRISK
263,Tech_Park,116.23893805309734,BRISK
264,Tech_Park,301.91150442477874,BRISK
265,Tech_Park,413.4159292035398,BRISK
266,Tech_Park,370.3008849557522,BRISK
267,Tech_Park,435.8053097345133,BRISK
268,Tech_Park,175.10619469026548,BRISK
269,Tech_Park,124.24778761061947,BRISK
270,Tech_Park,271.82300884955754,BRISK
271,Tech_Park,345.9911504424779,BRISK
272,Tech_Park,470.07964601769913,BRISK
273,Tech_Park,526.4513274336283,BRISK
274,Tech_Park,306.2300884955752,BRISK
275,Tech_Park,140.1504424778761,BRISK
276,Tech_Park,145.8230088495575,BRISK
277,Tech_Park,155.71681415929203,BRISK
278,Tech_Park,98.87610619469027,BRISK
279,Tech_Park,79.97345132743362,BRISK
280,Tech_Park,94.49557522123894,BRISK
281,Tech_Park,91.56637168141593,BRISK
282,Tech_Park,121.68141592920354,BRISK
283,Tech_Park,99.30088495575221,BRISK
284,Tech_Park,116.59292035398231,BRISK
285,Tech_Park,125.38938053097345,BRISK
286,Tech_Park,100.05309734513274,BRISK
287,Tech_Park,73.11504424778761,BRISK
288,Tech_Park,58.10619469026549,BRISK
289,Tech_Park,136.31858407079645,BRISK
290,Tech_Park,131.67256637168143,BRISK
291,Tech_Park,77.14159292035399,BRISK
292,Tech_Park,166.30088495575222,BRISK
293,Tech_Park,217.76106194690266,BRISK
294,Tech_Park,688.7699115044247,BRISK
295,Tech_Park,675.3451327433628,BRISK
296,Tech_Park,980.3185840707964,BRISK
297,Tech_Park,482.1061946902655,BRISK
298,Tech_Park,879.3274336283185,BRISK
299,Tech_Park,799.1327433628319,BRISK
300,Tech_Park,1055.796460176991,BRISK
301,Tech_Park,975.4159292035398,BRISK
302,Tech_Park,796.1592920353983,BRISK
303,Tech_Park,723.0530973451328,BRISK
304,Tech_Park,694.6194690265487,BRISK
305,Tech_Park,421.716814159292,BRISK
306,Tech_Park,233.6637168141593,BRISK
307,Tech_Park,102.929203539823,BRISK
308,Tech_Park,109.84955752212389,BRISK
309,Tech_Park,135.141592920354,BRISK
310,Tech_Park,130.858407079646,BRISK
311,Tech_Park,75.53982300884955,BRISK
312,Tech_Park,86.88495575221239,BRISK
313,Tech_Park,101.73451327433628,BRISK
314,Tech_Park,202.4513274336283,BRISK
315,Tech_Park,267.88495575221236,BRISK
316,Tech_Park,132.141592920354,BRISK
317,Tech_Park,221.69026548672565,BRISK
318,Tech_Park,240.79646017699116,BRISK
319,Tech_Park,295.53982300884957,BRISK
320,Tech_Park,178.1946902654867,BRISK
321,Tech_Park,161.23008849557522,BRISK
322,Tech_Park,41.097345132743364,BRISK
323,Tech_Park,138.99115044247787,BRISK
324,Tech_Park,177.73451327433628,BRISK
325,Tech_Park,178.47787610619469,BRISK
326,Tech_Park,378.79646017699116,BRISK
327,Tech_Park,611.1150442477876,BRISK
328,Tech_Park,650.5486725663717,BRISK
329,Tech_Park,999.8230088495575,BRISK
330,Tech_Park,468.0973451327434,BRISK
331,Tech_Park,403.1504424778761,BRISK
332,Tech_Park,307.3893805309734,BRISK
333,Tech_Park,269.27433628318585,BRISK
334,Tech_Park,124.86725663716814,BRISK
335,Tech_Park,153.00884955752213,BRISK
336,Tech_Park,155.2920353982301,BRISK
337,Tech_Park,55.75221238938053,BRISK
338,Tech_Park,267.86725663716817,BRISK
339,Tech_Park,99.96460176991151,DAISY+SIFT
340,Tech_Park,72.05309734513274,DAISY+SIFT
341,Tech_Park,95.39823008849558,DAISY+SIFT
342,Tech_Park,129.73451327433628,DAISY+SIFT
343,Tech_Park,113.99115044247787,DAISY+SIFT
344,Tech_Park,113.8141592920354,DAISY+SIFT
345,Tech_Park,205.21238938053096,DAISY+SIFT
346,Tech_Park,422.16814159292034,DAISY+SIFT
347,Tech_Park,538.212389380531,DAISY+SIFT
348,Tech_Park,573.5486725663717,DAISY+SIFT
349,Tech_Park,533.6017699115044,DAISY+SIFT
350,Tech_Park,413.0,DAISY+SIFT
351,Tech_Park,359.86725663716817,DAISY+SIFT
352,Tech_Park,393.5929203539823,DAISY+SIFT
353,Tech_Park,169.9646017699115,DAISY+SIFT
354,Tech_Park,247.4513274336283,DAISY+SIFT
355,Tech_Park,379.72566371681415,DAISY+SIFT
356,Tech_Park,481.27433628318585,DAISY+SIFT
357,Tech_Park,496.75221238938053,DAISY+SIFT
358,Tech_Park,546.2566371681415,DAISY+SIFT
359,Tech_Park,336.92035398230087,DAISY+SIFT
360,Tech_Park,113.88495575221239,DAISY+SIFT
361,Tech_Park,100.97345132743362,DAISY+SIFT
362,Tech_Park,115.88495575221239,DAISY+SIFT
363,Tech_Park,132.10619469026548,DAISY+SIFT
364,Tech_Park,79.98230088495575,DAISY+SIFT
365,Tech_Park,72.85840707964601,DAISY+SIFT
366,Tech_Park,118.070796460177,DAISY+SIFT
367,Tech_Park,132.12389380530973,DAISY+SIFT
368,Tech_Park,136.79646017699116,DAISY+SIFT
369,Tech_Park,110.71681415929204,DAISY+SIFT
370,Tech_Park,99.24778761061947,DAISY+SIFT
371,Tech_Park,86.89380530973452,DAISY+SIFT
372,Tech_Park,118.16814159292035,DAISY+SIFT
373,Tech_Park,124.72566371681415,DAISY+SIFT
374,Tech_Park,123.79646017699115,DAISY+SIFT
375,Tech_Park,131.0796460176991,DAISY+SIFT
376,Tech_Park,164.53982300884957,DAISY+SIFT
377,Tech_Park,329.5221238938053,DAISY+SIFT
378,Tech_Park,398.92035398230087,DAISY+SIFT
379,Tech_Park,407.14159292035396,DAISY+SIFT
380,Tech_Park,347.9734513274336,DAISY+SIFT
381,Tech_Park,244.78761061946904,DAISY+SIFT
382,Tech_Park,179.63716814159292,DAISY+SIFT
383,Tech_Park,285.04424778761063,DAISY+SIFT
384,Tech_Park,300.3805309734513,DAISY+SIFT
385,Tech_Park,355.7787610619469,DAISY+SIFT
386,Tech_Park,434.646017699115,DAISY+SIFT
387,Tech_Park,364.12389380530976,DAISY+SIFT
388,Tech_Park,199.7787610619469,DAISY+SIFT
389,Tech_Park,158.1769911504425,DAISY+SIFT
390,Tech_Park,165.83185840707964,DAISY+SIFT
391,Tech_Park,133.2566371681416,DAISY+SIFT
392,Tech_Park,147.5486725663717,DAISY+SIFT
393,Tech_Park,160.34513274336283,DAISY+SIFT
394,Tech_Park,152.99115044247787,DAISY+SIFT
395,Tech_Park,170.141592920354,DAISY+SIFT
396,Tech_Park,125.05309734513274,DAISY+SIFT
397,Tech_Park,147.71681415929203,DAISY+SIFT
398,Tech_Park,159.26548672566372,DAISY+SIFT
399,Tech_Park,123.64601769911505,DAISY+SIFT
400,Tech_Park,87.49557522123894,DAISY+SIFT
401,Tech_Park,69.24778761061947,DAISY+SIFT
402,Tech_Park,102.22123893805309,DAISY+SIFT
403,Tech_Park,143.141592920354,DAISY+SIFT
404,Tech_Park,132.49557522123894,DAISY+SIFT
405,Tech_Park,110.76106194690266,DAISY+SIFT
406,Tech_Park,228.4070796460177,DAISY+SIFT
407,Tech_Park,491.16814159292034,DAISY+SIFT
408,Tech_Park,549.8761061946902,DAISY+SIFT
409,Tech_Park,599.5309734513274,DAISY+SIFT
410,Tech_Park,541.7964601769911,DAISY+SIFT
411,Tech_Park,525.7610619469026,DAISY+SIFT
412,Tech_Park,481.78761061946904,DAISY+SIFT
413,Tech_Park,571.7699115044247,DAISY+SIFT
414,Tech_Park,517.9469026548672,DAISY+SIFT
415,Tech_Park,471.070796460177,DAISY+SIFT
416,Tech_Park,445.30973451327435,DAISY+SIFT
417,Tech_Park,427.1858407079646,DAISY+SIFT
418,Tech_Park,360.57522123893807,DAISY+SIFT
419,Tech_Park,258.9380530973451,DAISY+SIFT
420,Tech_Park,102.50442477876106,DAISY+SIFT
421,Tech_Park,151.7787610619469,DAISY+SIFT
422,Tech_Park,188.43362831858408,DAISY+SIFT
423,Tech_Park,142.99115044247787,DAISY+SIFT
424,Tech_Park,108.26548672566372,DAISY+SIFT
425,Tech_Park,71.52212389380531,DAISY+SIFT
426,Tech_Park,117.51327433628319,DAISY+SIFT
427,Tech_Park,167.13274336283186,DAISY+SIFT
428,Tech_Park,210.5929203539823,DAISY+SIFT
429,Tech_Park,170.81415929203538,DAISY+SIFT
430,Tech_Park,193.32743362831857,DAISY+SIFT
431,Tech_Park,173.95575221238937,DAISY+SIFT
432,Tech_Park,229.20353982300884,DAISY+SIFT
433,Tech_Park,178.91150442477877,DAISY+SIFT
434,Tech_Park,187.49557522123894,DAISY+SIFT
435,Tech_Park,181.5486725663717,DAISY+SIFT
436,Tech_Park,195.9646017699115,DAISY+SIFT
437,Tech_Park,206.60176991150442,DAISY+SIFT
438,Tech_Park,241.1150442477876,DAISY+SIFT
439,Tech_Park,401.6371681415929,DAISY+SIFT
440,Tech_Park,481.14159292035396,DAISY+SIFT
441,Tech_Park,426.0265486725664,DAISY+SIFT
442,Tech_Park,530.433628318584,DAISY+SIFT
443,Tech_Park,376.7079646017699,DAISY+SIFT
444,Tech_Park,385.08849557522126,DAISY+SIFT
445,Tech_Park,320.53982300884957,DAISY+SIFT
446,Tech_Park,279.0973451327434,DAISY+SIFT
447,Tech_Park,208.3362831858407,DAISY+SIFT
448,Tech_Park,199.50442477876106,DAISY+SIFT
449,Tech_Park,244.20353982300884,DAISY+SIFT
450,Tech_Park,208.1769911504425,DAISY+SIFT
451,Tech_Park,239.7079646017699,DAISY+SIFT
452,Tech_Park,256.01769911504425,FAST+SIFT
453,Tech_Park,112.57522123893806,FAST+SIFT
454,Tech_Park,132.42477876106196,FAST+SIFT
455,Tech_Park,290.7433628318584,FAST+SIFT
456,Tech_Park,198.15929203539824,FAST+SIFT
457,Tech_Park,167.83185840707964,FAST+SIFT
458,Tech_Park,360.76106194690266,FAST+SIFT
459,Tech_Park,908.9734513274336,FAST+SIFT
460,Tech_Park,1172.7345132743362,FAST+SIFT
461,Tech_Park,1236.2654867256638,FAST+SIFT
462,Tech_Park,1173.5663716814158,FAST+SIFT
463,Tech_Park,797.9646017699115,FAST+SIFT
464,Tech_Park,672.2389380530974,FAST+SIFT
465,Tech_Park,692.2035398230089,FAST+SIFT
466,Tech_Park,156.2920353982301,FAST+SIFT
467,Tech_Park,365.716814159292,FAST+SIFT
468,Tech_Park,745.7964601769911,FAST+SIFT
469,Tech_Park,1114.9911504424779,FAST+SIFT
470,Tech_Park,1159.6194690265486,FAST+SIFT
471,Tech_Park,1119.654867256637,FAST+SIFT
472,Tech_Park,679.7256637168142,FAST+SIFT
473,Tech_Park,227.44247787610618,FAST+SIFT
474,Tech_Park,135.18584070796462,FAST+SIFT
475,Tech_Park,201.1504424778761,FAST+SIFT
476,Tech_Park,254.73451327433628,FAST+SIFT
477,Tech_Park,755.0796460176991,FAST+SIFT
478,Tech_Park,592.3451327433628,FAST+SIFT
479,Tech_Park,146.81415929203538,FAST+SIFT
480,Tech_Park,217.41592920353983,FAST+SIFT
481,Tech_Park,197.81415929203538,FAST+SIFT
482,Tech_Park,211.7787610619469,FAST+SIFT
483,Tech_Park,377.53982300884957,FAST+SIFT
484,Tech_Park,242.2566371681416,FAST+SIFT
485,Tech_Park,114.42477876106194,FAST+SIFT
486,Tech_Park,234.89380530973452,FAST+SIFT
487,Tech_Park,178.68141592920355,FAST+SIFT
488,Tech_Park,238.24778761061947,FAST+SIFT
489,Tech_Park,256.7079646017699,FAST+SIFT
490,Tech_Park,521.3185840707964,FAST+SIFT
491,Tech_Park,831.9911504424779,FAST+SIFT
492,Tech_Park,824.141592920354,FAST+SIFT
493,Tech_Park,890.2035398230089,FAST+SIFT
494,Tech_Park,371.72566371681415,FAST+SIFT
495,Tech_Park,245.8495575221239,FAST+SIFT
496,Tech_Park,425.6106194690266,FAST+SIFT
497,Tech_Park,603.4867256637168,FAST+SIFT
498,Tech_Park,887.6548672566372,FAST+SIFT
499,Tech_Park,855.2743362831858,FAST+SIFT
500,Tech_Park,632.141592920354,FAST+SIFT
501,Tech_Park,306.7079646017699,FAST+SIFT
502,Tech_Park,348.1592920353982,FAST+SIFT
503,Tech_Park,426.0,FAST+SIFT
504,Tech_Park,248.71681415929203,FAST+SIFT
505,Tech_Park,174.56637168141592,FAST+SIFT
506,Tech_Park,272.76106194690266,FAST+SIFT
507,Tech_Park,326.0353982300885,FAST+SIFT
508,Tech_Park,381.4070796460177,FAST+SIFT
509,Tech_Park,254.36283185840708,FAST+SIFT
510,Tech_Park,375.6106194690266,FAST+SIFT
511,Tech_Park,287.37168141592923,FAST+SIFT
512,Tech_Park,175.4513274336283,FAST+SIFT
513,Tech_Park,101.97345132743362,FAST+SIFT
514,Tech_Park,76.32743362831859,FAST+SIFT
515,Tech_Park,172.32743362831857,FAST+SIFT
516,Tech_Park,213.56637168141592,FAST+SIFT
517,Tech_Park,176.07079646017698,FAST+SIFT
518,Tech_Park,299.8407079646018,FAST+SIFT
519,Tech_Park,363.56637168141594,FAST+SIFT
520,Tech_Park,946.5486725663717,FAST+SIFT
521,Tech_Park,906.3451327433628,FAST+SIFT
522,Tech_Park,1185.0088495575221,FAST+SIFT
523,Tech_Park,696.0796460176991,FAST+SIFT
524,Tech_Park,1103.513274336283,FAST+SIFT
525,Tech_Park,962.1504424778761,FAST+SIFT
526,Tech_Park,1241.796460176991,FAST+SIFT
527,Tech_Park,1146.2920353982302,FAST+SIFT
528,Tech_Park,1000.0353982300885,FAST+SIFT
529,Tech_Park,943.9911504424779,FAST+SIFT
530,Tech_Park,886.637168141593,FAST+SIFT
531,Tech_Park,628.8849557522124,FAST+SIFT
532,Tech_Park,461.283185840708,FAST+SIFT
533,Tech_Park,246.2920353982301,FAST+SIFT
534,Tech_Park,202.38053097345133,FAST+SIFT
535,Tech_Park,208.89380530973452,FAST+SIFT
536,Tech_Park,191.55752212389382,FAST+SIFT
537,Tech_Park,111.46017699115045,FAST+SIFT
538,Tech_Park,122.35398230088495,FAST+SIFT
539,Tech_Park,143.8053097345133,FAST+SIFT
540,Tech_Park,367.04424778761063,FAST+SIFT
541,Tech_Park,462.3628318584071,FAST+SIFT
542,Tech_Park,258.716814159292,FAST+SIFT
543,Tech_Park,369.98230088495575,FAST+SIFT
544,Tech_Park,385.46902654867256,FAST+SIFT
545,Tech_Park,456.12389380530976,FAST+SIFT
546,Tech_Park,262.87610619469024,FAST+SIFT
547,Tech_Park,326.1592920353982,FAST+SIFT
548,Tech_Park,127.88495575221239,FAST+SIFT
549,Tech_Park,336.6814159292035,FAST+SIFT
550,Tech_Park,373.60176991150445,FAST+SIFT
551,Tech_Park,382.8495575221239,FAST+SIFT
552,Tech_Park,661.3893805309734,FAST+SIFT
553,Tech_Park,861.5221238938053,FAST+SIFT
554,Tech_Park,892.3451327433628,FAST+SIFT
555,Tech_Park,1194.9734513274336,FAST+SIFT
556,Tech_Park,836.2477876106195,FAST+SIFT
557,Tech_Park,761.4159292035398,FAST+SIFT
558,Tech_Park,716.9823008849557,FAST+SIFT
559,Tech_Park,671.0884955752213,FAST+SIFT
560,Tech_Park,322.5840707964602,FAST+SIFT
561,Tech_Park,361.14159292035396,FAST+SIFT
562,Tech_Park,438.13274336283183,FAST+SIFT
563,Tech_Park,222.98230088495575,FAST+SIFT
564,Tech_Park,501.4424778761062,FAST+SIFT
565,Tech_Park,100.45132743362832,BRISK+FREAK
566,Tech_Park,52.50442477876106,BRISK+FREAK
567,Tech_Park,81.46017699115045,BRISK+FREAK
568,Tech_Park,197.20353982300884,BRISK+FREAK
569,Tech_Park,91.00884955752213,BRISK+FREAK
570,Tech_Park,70.070796460177,BRISK+FREAK
571,Tech_Park,204.4070796460177,BRISK+FREAK
572,Tech_Park,680.1769911504425,BRISK+FREAK
573,Tech_Park,876.3805309734513,BRISK+FREAK
574,Tech_Park,953.8495575221239,BRISK+FREAK
575,Tech_Park,876.7256637168142,BRISK+FREAK
576,Tech_Park,558.1238938053098,BRISK+FREAK
577,Tech_Park,531.9469026548672,BRISK+FREAK
578,Tech_Park,524.8938053097345,BRISK+FREAK
579,Tech_Park,88.03539823008849,BRISK+FREAK
580,Tech_Park,206.8230088495575,BRISK+FREAK
581,Tech_Park,419.2920353982301,BRISK+FREAK
582,Tech_Park,735.2035398230089,BRISK+FREAK
583,Tech_Park,812.070796460177,BRISK+FREAK
584,Tech_Park,810.8938053097345,BRISK+FREAK
585,Tech_Park,422.83185840707966,BRISK+FREAK
586,Tech_Park,106.08849557522124,BRISK+FREAK
587,Tech_Park,71.30973451327434,BRISK+FREAK
588,Tech_Park,110.40707964601769,BRISK+FREAK
589,Tech_Park,157.47787610619469,BRISK+FREAK
590,Tech_Park,467.2654867256637,BRISK+FREAK
591,Tech_Park,364.16814159292034,BRISK+FREAK
592,Tech_Park,68.96460176991151,BRISK+FREAK
593,Tech_Park,90.71681415929204,BRISK+FREAK
594,Tech_Park,78.97345132743362,BRISK+FREAK
595,Tech_Park,88.46902654867256,BRISK+FREAK
596,Tech_Park,124.19469026548673,BRISK+FREAK
597,Tech_Park,101.14159292035399,BRISK+FREAK
598,Tech_Park,73.09734513274336,BRISK+FREAK
599,Tech_Park,149.1769911504425,BRISK+FREAK
600,Tech_Park,91.48672566371681,BRISK+FREAK
601,Tech_Park,97.13274336283186,BRISK+FREAK
602,Tech_Park,108.97345132743362,BRISK+FREAK
603,Tech_Park,288.1504424778761,BRISK+FREAK
604,Tech_Park,396.1946902654867,BRISK+FREAK
605,Tech_Park,355.4867256637168,BRISK+FREAK
606,Tech_Park,417.4867256637168,BRISK+FREAK
607,Tech_Park,165.47787610619469,BRISK+FREAK
608,Tech_Park,116.88495575221239,BRISK+FREAK
609,Tech_Park,255.1504424778761,BRISK+FREAK
610,Tech_Park,327.5929203539823,BRISK+FREAK
611,Tech_Park,447.27433628318585,BRISK+FREAK
612,Tech_Park,501.27433628318585,BRISK+FREAK
613,Tech_Park,287.3893805309734,BRISK+FREAK
614,Tech_Park,131.06194690265488,BRISK+FREAK
615,Tech_Park,140.5132743362832,BRISK+FREAK
616,Tech_Park,150.38053097345133,BRISK+FREAK
617,Tech_Park,93.50442477876106,BRISK+FREAK
618,Tech_Park,75.54867256637168,BRISK+FREAK
619,Tech_Park,89.72566371681415,BRISK+FREAK
620,Tech_Park,86.96460176991151,BRISK+FREAK
621,Tech_Park,117.52212389380531,BRISK+FREAK
622,Tech_Park,94.50442477876106,BRISK+FREAK
623,Tech_Park,110.98230088495575,BRISK+FREAK
624,Tech_Park,118.82300884955752,BRISK+FREAK
625,Tech_Park,92.34513274336283,BRISK+FREAK
626,Tech_Park,65.22123893805309,BRISK+FREAK
627,Tech_Park,52.07079646017699,BRISK+FREAK
628,Tech_Park,125.8141592920354,BRISK+FREAK
629,Tech_Park,122.05309734513274,BRISK+FREAK
630,Tech_Park,72.08849557522124,BRISK+FREAK
631,Tech_Park,158.0353982300885,BRISK+FREAK
632,Tech_Park,207.73451327433628,BRISK+FREAK
633,Tech_Park,664.8761061946902,BRISK+FREAK
634,Tech_Park,650.8407079646017,BRISK+FREAK
635,Tech_Park,932.929203539823,BRISK+FREAK
636,Tech_Park,454.94690265486724,BRISK+FREAK
637,Tech_Park,840.4247787610619,BRISK+FREAK
638,Tech_Park,762.5486725663717,BRISK+FREAK
639,Tech_Park,1003.2477876106195,BRISK+FREAK
640,Tech_Park,938.6991150442478,BRISK+FREAK
641,Tech_Park,758.212389380531,BRISK+FREAK
642,Tech_Park,701.0973451327434,BRISK+FREAK
643,Tech_Park,665.4867256637168,BRISK+FREAK
644,Tech_Park,403.2300884955752,BRISK+FREAK
645,Tech_Park,218.50442477876106,BRISK+FREAK
646,Tech_Park,99.45132743362832,BRISK+FREAK
647,Tech_Park,102.65486725663717,BRISK+FREAK
648,Tech_Park,127.27433628318585,BRISK+FREAK
649,Tech_Park,118.68141592920354,BRISK+FREAK
650,Tech_Park,69.07964601769912,BRISK+FREAK
651,Tech_Park,80.12389380530973,BRISK+FREAK
652,Tech_Park,94.22123893805309,BRISK+FREAK
653,Tech_Park,191.8053097345133,BRISK+FREAK
654,Tech_Park,258.283185840708,BRISK+FREAK
655,Tech_Park,124.05309734513274,BRISK+FREAK
656,Tech_Park,206.57522123893804,BRISK+FREAK
657,Tech_Park,229.1504424778761,BRISK+FREAK
658,Tech_Park,283.20353982300884,BRISK+FREAK
659,Tech_Park,167.53097345132744,BRISK+FREAK
660,Tech_Park,150.08849557522123,BRISK+FREAK
661,Tech_Park,37.176991150442475,BRISK+FREAK
662,Tech_Park,133.3716814159292,BRISK+FREAK
663,Tech_Park,167.52212389380531,BRISK+FREAK
664,Tech_Park,167.3362831858407,BRISK+FREAK
665,Tech_Park,367.0,BRISK+FREAK
666,Tech_Park,585.0,BRISK+FREAK
667,Tech_Park,621.4513274336283,BRISK+FREAK
668,Tech_Park,959.7168141592921,BRISK+FREAK
669,Tech_Park,445.17699115044246,BRISK+FREAK
670,Tech_Park,383.6371681415929,BRISK+FREAK
671,Tech_Park,292.3008849557522,BRISK+FREAK
672,Tech_Park,257.92035398230087,BRISK+FREAK
673,Tech_Park,115.35398230088495,BRISK+FREAK
674,Tech_Park,149.4070796460177,BRISK+FREAK
675,Tech_Park,151.39823008849558,BRISK+FREAK
676,Tech_Park,52.150442477876105,BRISK+FREAK
677,Tech_Park,257.88495575221236,BRISK+FREAK
678,Tech_Park,8.849557522123893,GFTT+SIFT
679,Tech_Park,8.849557522123893,GFTT+SIFT
680,Tech_Park,8.849557522123893,GFTT+SIFT
681,Tech_Park,8.849557522123893,GFTT+SIFT
682,Tech_Park,8.849557522123893,GFTT+SIFT
683,Tech_Park,8.849557522123893,GFTT+SIFT
684,Tech_Park,8.849557522123893,GFTT+SIFT
685,Tech_Park,8.849557522123893,GFTT+SIFT
686,Tech_Park,8.849557522123893,GFTT+SIFT
687,Tech_Park,8.849557522123893,GFTT+SIFT
688,Tech_Park,8.849557522123893,GFTT+SIFT
689,Tech_Park,8.849557522123893,GFTT+SIFT
690,Tech_Park,8.849557522123893,GFTT+SIFT
691,Tech_Park,8.849557522123893,GFTT+SIFT
692,Tech_Park,8.849557522123893,GFTT+SIFT
693,Tech_Park,8.849557522123893,GFTT+SIFT
694,Tech_Park,8.849557522123893,GFTT+SIFT
695,Tech_Park,8.849557522123893,GFTT+SIFT
696,Tech_Park,8.849557522123893,GFTT+SIFT
697,Tech_Park,8.849557522123893,GFTT+SIFT
698,Tech_Park,8.849557522123893,GFTT+SIFT
699,Tech_Park,8.849557522123893,GFTT+SIFT
700,Tech_Park,8.849557522123893,GFTT+SIFT
701,Tech_Park,8.849557522123893,GFTT+SIFT
702,Tech_Park,8.849557522123893,GFTT+SIFT
703,Tech_Park,8.849557522123893,GFTT+SIFT
704,Tech_Park,8.849557522123893,GFTT+SIFT
705,Tech_Park,8.849557522123893,GFTT+SIFT
706,Tech_Park,8.849557522123893,GFTT+SIFT
707,Tech_Park,8.849557522123893,GFTT+SIFT
708,Tech_Park,8.849557522123893,GFTT+SIFT
709,Tech_Park,8.849557522123893,GFTT+SIFT
710,Tech_Park,8.849557522123893,GFTT+SIFT
711,Tech_Park,8.849557522123893,GFTT+SIFT
712,Tech_Park,8.849557522123893,GFTT+SIFT
713,Tech_Park,8.849557522123893,GFTT+SIFT
714,Tech_Park,8.849557522123893,GFTT+SIFT
715,Tech_Park,8.849557522123893,GFTT+SIFT
716,Tech_Park,8.849557522123893,GFTT+SIFT
717,Tech_Park,8.849557522123893,GFTT+SIFT
718,Tech_Park,8.849557522123893,GFTT+SIFT
719,Tech_Park,8.849557522123893,GFTT+SIFT
720,Tech_Park,8.849557522123893,GFTT+SIFT
721,Tech_Park,8.849557522123893,GFTT+SIFT
722,Tech_Park,8.849557522123893,GFTT+SIFT
723,Tech_Park,8.849557522123893,GFTT+SIFT
724,Tech_Park,8.849557522123893,GFTT+SIFT
725,Tech_Park,8.849557522123893,GFTT+SIFT
726,Tech_Park,8.849557522123893,GFTT+SIFT
727,Tech_Park,8.849557522123893,GFTT+SIFT
728,Tech_Park,8.849557522123893,GFTT+SIFT
729,Tech_Park,8.849557522123893,GFTT+SIFT
730,Tech_Park,8.849557522123893,GFTT+SIFT
731,Tech_Park,8.849557522123893,GFTT+SIFT
732,Tech_Park,8.849557522123893,GFTT+SIFT
733,Tech_Park,8.849557522123893,GFTT+SIFT
734,Tech_Park,8.849557522123893,GFTT+SIFT
735,Tech_Park,8.849557522123893,GFTT+SIFT
736,Tech_Park,8.849557522123893,GFTT+SIFT
737,Tech_Park,8.849557522123893,GFTT+SIFT
738,Tech_Park,8.849557522123893,GFTT+SIFT
739,Tech_Park,8.849557522123893,GFTT+SIFT
740,Tech_Park,8.849557522123893,GFTT+SIFT
741,Tech_Park,8.849557522123893,GFTT+SIFT
742,Tech_Park,8.849557522123893,GFTT+SIFT
743,Tech_Park,8.849557522123893,GFTT+SIFT
744,Tech_Park,8.849557522123893,GFTT+SIFT
745,Tech_Park,8.849557522123893,GFTT+SIFT
746,Tech_Park,8.849557522123893,GFTT+SIFT
747,Tech_Park,8.849557522123893,GFTT+SIFT
748,Tech_Park,8.849557522123893,GFTT+SIFT
749,Tech_Park,8.849557522123893,GFTT+SIFT
750,Tech_Park,8.849557522123893,GFTT+SIFT
751,Tech_Park,8.849557522123893,GFTT+SIFT
752,Tech_Park,8.849557522123893,GFTT+SIFT
753,Tech_Park,8.849557522123893,GFTT+SIFT
754,Tech_Park,8.849557522123893,GFTT+SIFT
755,Tech_Park,8.849557522123893,GFTT+SIFT
756,Tech_Park,8.849557522123893,GFTT+SIFT
757,Tech_Park,8.849557522123893,GFTT+SIFT
758,Tech_Park,8.849557522123893,GFTT+SIFT
759,Tech_Park,8.849557522123893,GFTT+SIFT
760,Tech_Park,8.849557522123893,GFTT+SIFT
761,Tech_Park,8.849557522123893,GFTT+SIFT
762,Tech_Park,8.849557522123893,GFTT+SIFT
763,Tech_Park,8.849557522123893,GFTT+SIFT
764,Tech_Park,8.849557522123893,GFTT+SIFT
765,Tech_Park,8.849557522123893,GFTT+SIFT
766,Tech_Park,8.849557522123893,GFTT+SIFT
767,Tech_Park,8.849557522123893,GFTT+SIFT
768,Tech_Park,8.849557522123893,GFTT+SIFT
769,Tech_Park,8.849557522123893,GFTT+SIFT
770,Tech_Park,8.849557522123893,GFTT+SIFT
771,Tech_Park,8.849557522123893,GFTT+SIFT
772,Tech_Park,8.849557522123893,GFTT+SIFT
773,Tech_Park,8.849557522123893,GFTT+SIFT
774,Tech_Park,8.849557522123893,GFTT+SIFT
775,Tech_Park,8.849557522123893,GFTT+SIFT
776,Tech_Park,8.849557522123893,GFTT+SIFT
777,Tech_Park,8.849557522123893,GFTT+SIFT
778,Tech_Park,8.849557522123893,GFTT+SIFT
779,Tech_Park,8.849557522123893,GFTT+SIFT
780,Tech_Park,8.849557522123893,GFTT+SIFT
781,Tech_Park,8.849557522123893,GFTT+SIFT
782,Tech_Park,8.849557522123893,GFTT+SIFT
783,Tech_Park,8.849557522123893,GFTT+SIFT
784,Tech_Park,8.849557522123893,GFTT+SIFT
785,Tech_Park,8.849557522123893,GFTT+SIFT
786,Tech_Park,8.849557522123893,GFTT+SIFT
787,Tech_Park,8.849557522123893,GFTT+SIFT
788,Tech_Park,8.849557522123893,GFTT+SIFT
789,Tech_Park,8.849557522123893,GFTT+SIFT
790,Tech_Park,8.849557522123893,GFTT+SIFT
791,Tech_Park,93.02654867256638,KAZE
792,Tech_Park,71.76106194690266,KAZE
793,Tech_Park,107.84070796460178,KAZE
794,Tech_Park,136.5929203539823,KAZE
795,Tech_Park,111.47787610619469,KAZE
796,Tech_Park,90.00884955752213,KAZE
797,Tech_Park,152.24778761061947,KAZE
798,Tech_Park,315.5840707964602,KAZE
799,Tech_Park,404.60176991150445,KAZE
800,Tech_Park,462.8141592920354,KAZE
801,Tech_Park,458.08849557522126,KAZE
802,Tech_Park,335.8495575221239,KAZE
803,Tech_Park,311.46017699115043,KAZE
804,Tech_Park,308.4424778761062,KAZE
805,Tech_Park,112.88495575221239,KAZE
806,Tech_Park,163.60176991150442,KAZE
807,Tech_Park,250.0,KAZE
808,Tech_Park,360.8495575221239,KAZE
809,Tech_Park,361.39823008849555,KAZE
810,Tech_Park,378.0353982300885,KAZE
811,Tech_Park,230.53097345132744,KAZE
812,Tech_Park,90.53097345132744,KAZE
813,Tech_Park,80.66371681415929,KAZE
814,Tech_Park,97.17699115044248,KAZE
815,Tech_Park,136.87610619469027,KAZE
816,Tech_Park,70.01769911504425,KAZE
817,Tech_Park,71.63716814159292,KAZE
818,Tech_Park,87.07964601769912,KAZE
819,Tech_Park,81.23008849557522,KAZE
820,Tech_Park,82.32743362831859,KAZE
821,Tech_Park,74.8141592920354,KAZE
822,Tech_Park,74.23008849557522,KAZE
823,Tech_Park,62.29203539823009,KAZE
824,Tech_Park,97.61061946902655,KAZE
825,Tech_Park,113.3716814159292,KAZE
826,Tech_Park,97.20353982300885,KAZE
827,Tech_Park,94.82300884955752,KAZE
828,Tech_Park,102.22123893805309,KAZE
829,Tech_Park,197.76106194690266,KAZE
830,Tech_Park,218.38053097345133,KAZE
831,Tech_Park,210.69911504424778,KAZE
832,Tech_Park,194.46017699115043,KAZE
833,Tech_Park,129.0796460176991,KAZE
834,Tech_Park,111.38938053097345,KAZE
835,Tech_Park,174.07079646017698,KAZE
836,Tech_Park,195.42477876106196,KAZE
837,Tech_Park,224.3716814159292,KAZE
838,Tech_Park,275.6725663716814,KAZE
839,Tech_Park,196.5132743362832,KAZE
840,Tech_Park,113.80530973451327,KAZE
841,Tech_Park,93.50442477876106,KAZE
842,Tech_Park,71.53097345132744,KAZE
843,Tech_Park,83.07964601769912,KAZE
844,Tech_Park,78.84955752212389,KAZE
845,Tech_Park,73.17699115044248,KAZE
846,Tech_Park,69.47787610619469,KAZE
847,Tech_Park,69.73451327433628,KAZE
848,Tech_Park,77.41592920353982,KAZE
849,Tech_Park,61.65486725663717,KAZE
850,Tech_Park,77.69026548672566,KAZE
851,Tech_Park,96.50442477876106,KAZE
852,Tech_Park,78.80530973451327,KAZE
853,Tech_Park,76.93805309734513,KAZE
854,Tech_Park,110.2566371681416,KAZE
855,Tech_Park,128.3716814159292,KAZE
856,Tech_Park,87.47787610619469,KAZE
857,Tech_Park,90.84070796460178,KAZE
858,Tech_Park,137.26548672566372,KAZE
859,Tech_Park,330.5575221238938,KAZE
860,Tech_Park,368.0619469026549,KAZE
861,Tech_Park,476.65486725663715,KAZE
862,Tech_Park,402.2300884955752,KAZE
863,Tech_Park,443.57522123893807,KAZE
864,Tech_Park,395.12389380530976,KAZE
865,Tech_Park,494.6194690265487,KAZE
866,Tech_Park,459.92035398230087,KAZE
867,Tech_Park,388.4424778761062,KAZE
868,Tech_Park,339.3893805309734,KAZE
869,Tech_Park,330.17699115044246,KAZE
870,Tech_Park,239.52212389380531,KAZE
871,Tech_Park,157.06194690265488,KAZE
872,Tech_Park,58.256637168141594,KAZE
873,Tech_Park,108.75221238938053,KAZE
874,Tech_Park,136.35398230088495,KAZE
875,Tech_Park,128.30088495575222,KAZE
876,Tech_Park,93.69911504424779,KAZE
877,Tech_Park,76.48672566371681,KAZE
878,Tech_Park,104.14159292035399,KAZE
879,Tech_Park,115.64601769911505,KAZE
880,Tech_Park,133.07079646017698,KAZE
881,Tech_Park,112.3716814159292,KAZE
882,Tech_Park,149.81415929203538,KAZE
883,Tech_Park,147.21238938053096,KAZE
884,Tech_Park,167.5486725663717,KAZE
885,Tech_Park,147.1150442477876,KAZE
886,Tech_Park,108.50442477876106,KAZE
887,Tech_Park,45.49557522123894,KAZE
888,Tech_Park,92.42477876106194,KAZE
889,Tech_Park,130.20353982300884,KAZE
890,Tech_Park,138.35398230088495,KAZE
891,Tech_Park,238.141592920354,KAZE
892,Tech_Park,331.92035398230087,KAZE
893,Tech_Park,315.1592920353982,KAZE
894,Tech_Park,454.0353982300885,KAZE
895,Tech_Park,240.38053097345133,KAZE
896,Tech_Park,236.71681415929203,KAZE
897,Tech_Park,171.98230088495575,KAZE
898,Tech_Park,148.69026548672565,KAZE
899,Tech_Park,112.13274336283186,KAZE
900,Tech_Park,105.00884955752213,KAZE
901,Tech_Park,94.01769911504425,KAZE
902,Tech_Park,57.92035398230089,KAZE
903,Tech_Park,148.08849557522123,KAZE
904,Tech_Park,11.212389380530974,MSER+SIFT
905,Tech_Park,4.106194690265487,MSER+SIFT
906,Tech_Park,17.92920353982301,MSER+SIFT
907,Tech_Park,23.938053097345133,MSER+SIFT
908,Tech_Park,21.884955752212388,MSER+SIFT
909,Tech_Park,19.20353982300885,MSER+SIFT
910,Tech_Park,21.849557522123895,MSER+SIFT
911,Tech_Park,35.24778761061947,MSER+SIFT
912,Tech_Park,44.150442477876105,MSER+SIFT
913,Tech_Park,47.05309734513274,MSER+SIFT
914,Tech_Park,47.88495575221239,MSER+SIFT
915,Tech_Park,39.8141592920354,MSER+SIFT
916,Tech_Park,33.008849557522126,MSER+SIFT
917,Tech_Park,35.584070796460175,MSER+SIFT
918,Tech_Park,23.513274336283185,MSER+SIFT
919,Tech_Park,26.150442477876105,MSER+SIFT
920,Tech_Park,36.13274336283186,MSER+SIFT
921,Tech_Park,46.097345132743364,MSER+SIFT
922,Tech_Park,45.27433628318584,MSER+SIFT
923,Tech_Park,42.53982300884956,MSER+SIFT
924,Tech_Park,30.43362831858407,MSER+SIFT
925,Tech_Park,21.168141592920353,MSER+SIFT
926,Tech_Park,19.61946902654867,MSER+SIFT
927,Tech_Park,19.469026548672566,MSER+SIFT
928,Tech_Park,24.68141592920354,MSER+SIFT
929,Tech_Park,4.654867256637168,MSER+SIFT
930,Tech_Park,3.9734513274336285,MSER+SIFT
931,Tech_Park,10.380530973451327,MSER+SIFT
932,Tech_Park,24.672566371681416,MSER+SIFT
933,Tech_Park,26.672566371681416,MSER+SIFT
934,Tech_Park,22.58407079646018,MSER+SIFT
935,Tech_Park,4.380530973451328,MSER+SIFT
936,Tech_Park,4.230088495575221,MSER+SIFT
937,Tech_Park,16.150442477876105,MSER+SIFT
938,Tech_Park,20.699115044247787,MSER+SIFT
939,Tech_Park,22.893805309734514,MSER+SIFT
940,Tech_Park,25.557522123893804,MSER+SIFT
941,Tech_Park,23.36283185840708,MSER+SIFT
942,Tech_Park,30.01769911504425,MSER+SIFT
943,Tech_Park,40.876106194690266,MSER+SIFT
944,Tech_Park,41.1858407079646,MSER+SIFT
945,Tech_Park,34.85840707964602,MSER+SIFT
946,Tech_Park,28.902654867256636,MSER+SIFT
947,Tech_Park,25.1858407079646,MSER+SIFT
948,Tech_Park,31.053097345132745,MSER+SIFT
949,Tech_Park,31.079646017699115,MSER+SIFT
950,Tech_Park,40.796460176991154,MSER+SIFT
951,Tech_Park,42.38053097345133,MSER+SIFT
952,Tech_Park,35.07964601769911,MSER+SIFT
953,Tech_Park,25.41592920353982,MSER+SIFT
954,Tech_Park,26.539823008849556,MSER+SIFT
955,Tech_Park,26.991150442477878,MSER+SIFT
956,Tech_Park,21.283185840707965,MSER+SIFT
957,Tech_Park,22.84070796460177,MSER+SIFT
958,Tech_Park,21.699115044247787,MSER+SIFT
959,Tech_Park,14.238938053097344,MSER+SIFT
960,Tech_Park,28.575221238938052,MSER+SIFT
961,Tech_Park,20.513274336283185,MSER+SIFT
962,Tech_Park,27.63716814159292,MSER+SIFT
963,Tech_Park,26.628318584070797,MSER+SIFT
964,Tech_Park,23.300884955752213,MSER+SIFT
965,Tech_Park,16.0,MSER+SIFT
966,Tech_Park,15.814159292035399,MSER+SIFT
967,Tech_Park,21.8141592920354,MSER+SIFT
968,Tech_Park,22.8141592920354,MSER+SIFT
969,Tech_Park,20.530973451327434,MSER+SIFT
970,Tech_Park,15.495575221238939,MSER+SIFT
971,Tech_Park,21.778761061946902,MSER+SIFT
972,Tech_Park,36.309734513274336,MSER+SIFT
973,Tech_Park,42.876106194690266,MSER+SIFT
974,Tech_Park,48.04424778761062,MSER+SIFT
975,Tech_Park,47.50442477876106,MSER+SIFT
976,Tech_Park,53.743362831858406,MSER+SIFT
977,Tech_Park,46.36283185840708,MSER+SIFT
978,Tech_Park,53.442477876106196,MSER+SIFT
979,Tech_Park,51.35398230088496,MSER+SIFT
980,Tech_Park,45.07964601769911,MSER+SIFT
981,Tech_Park,35.48672566371681,MSER+SIFT
982,Tech_Park,34.92035398230089,MSER+SIFT
983,Tech_Park,32.176991150442475,MSER+SIFT
984,Tech_Park,31.654867256637168,MSER+SIFT
985,Tech_Park,25.41592920353982,MSER+SIFT
986,Tech_Park,25.946902654867255,MSER+SIFT
987,Tech_Park,27.106194690265486,MSER+SIFT
988,Tech_Park,25.76991150442478,MSER+SIFT
989,Tech_Park,21.345132743362832,MSER+SIFT
990,Tech_Park,19.84070796460177,MSER+SIFT
991,Tech_Park,23.646017699115045,MSER+SIFT
992,Tech_Park,25.43362831858407,MSER+SIFT
993,Tech_Park,24.1858407079646,MSER+SIFT
994,Tech_Park,25.876106194690266,MSER+SIFT
995,Tech_Park,26.460176991150444,MSER+SIFT
996,Tech_Park,22.43362831858407,MSER+SIFT
997,Tech_Park,23.920353982300885,MSER+SIFT
998,Tech_Park,25.654867256637168,MSER+SIFT
999,Tech_Park,24.787610619469028,MSER+SIFT
1000,Tech_Park,31.13274336283186,MSER+SIFT
1001,Tech_Park,27.663716814159294,MSER+SIFT
1002,Tech_Park,25.4070796460177,MSER+SIFT
1003,Tech_Park,22.72566371681416,MSER+SIFT
1004,Tech_Park,30.98230088495575,MSER+SIFT
1005,Tech_Park,36.93805309734513,MSER+SIFT
1006,Tech_Park,35.46017699115044,MSER+SIFT
1007,Tech_Park,51.530973451327434,MSER+SIFT
1008,Tech_Park,37.02654867256637,MSER+SIFT
1009,Tech_Park,37.56637168141593,MSER+SIFT
1010,Tech_Park,34.415929203539825,MSER+SIFT
1011,Tech_Park,31.734513274336283,MSER+SIFT
1012,Tech_Park,24.849557522123895,MSER+SIFT
1013,Tech_Park,24.292035398230087,MSER+SIFT
1014,Tech_Park,33.72566371681416,MSER+SIFT
1015,Tech_Park,29.98230088495575,MSER+SIFT
1016,Tech_Park,28.41592920353982,MSER+SIFT
1017,Tech_Park,176.99115044247787,ORB
1018,Tech_Park,176.4867256637168,ORB
1019,Tech_Park,176.99115044247787,ORB
1020,Tech_Park,176.99115044247787,ORB
1021,Tech_Park,176.99115044247787,ORB
1022,Tech_Park,176.99115044247787,ORB
1023,Tech_Park,176.99115044247787,ORB
1024,Tech_Park,176.99115044247787,ORB
1025,Tech_Park,176.99115044247787,ORB
1026,Tech_Park,176.99115044247787,ORB
1027,Tech_Park,176.99115044247787,ORB
1028,Tech_Park,176.99115044247787,ORB
1029,Tech_Park,176.99115044247787,ORB
1030,Tech_Park,176.99115044247787,ORB
1031,Tech_Park,176.99115044247787,ORB
1032,Tech_Park,176.99115044247787,ORB
1033,Tech_Park,176.99115044247787,ORB
1034,Tech_Park,176.99115044247787,ORB
1035,Tech_Park,176.99115044247787,ORB
1036,Tech_Park,176.99115044247787,ORB
1037,Tech_Park,176.99115044247787,ORB
1038,Tech_Park,176.99115044247787,ORB
1039,Tech_Park,176.99115044247787,ORB
1040,Tech_Park,176.99115044247787,ORB
1041,Tech_Park,176.99115044247787,ORB
1042,Tech_Park,176.53097345132744,ORB
1043,Tech_Park,176.64601769911505,ORB
1044,Tech_Park,176.99115044247787,ORB
1045,Tech_Park,176.99115044247787,ORB
1046,Tech_Park,176.99115044247787,ORB
1047,Tech_Park,176.99115044247787,ORB
1048,Tech_Park,176.99115044247787,ORB
1049,Tech_Park,176.99115044247787,ORB
1050,Tech_Park,176.99115044247787,ORB
1051,Tech_Park,176.99115044247787,ORB
1052,Tech_Park,176.99115044247787,ORB
1053,Tech_Park,176.99115044247787,ORB
1054,Tech_Park,176.99115044247787,ORB
1055,Tech_Park,176.99115044247787,ORB
1056,Tech_Park,176.99115044247787,ORB
1057,Tech_Park,176.99115044247787,ORB
1058,Tech_Park,176.99115044247787,ORB
1059,Tech_Park,176.99115044247787,ORB
1060,Tech_Park,176.99115044247787,ORB
1061,Tech_Park,176.99115044247787,ORB
1062,Tech_Park,176.99115044247787,ORB
1063,Tech_Park,176.99115044247787,ORB
1064,Tech_Park,176.99115044247787,ORB
1065,Tech_Park,176.99115044247787,ORB
1066,Tech_Park,176.99115044247787,ORB
1067,Tech_Park,176.99115044247787,ORB
1068,Tech_Park,176.99115044247787,ORB
1069,Tech_Park,176.99115044247787,ORB
1070,Tech_Park,176.99115044247787,ORB
1071,Tech_Park,176.99115044247787,ORB
1072,Tech_Park,176.99115044247787,ORB
1073,Tech_Park,176.99115044247787,ORB
1074,Tech_Park,176.99115044247787,ORB
1075,Tech_Park,176.99115044247787,ORB
1076,Tech_Park,176.99115044247787,ORB
1077,Tech_Park,176.99115044247787,ORB
1078,Tech_Park,176.99115044247787,ORB
1079,Tech_Park,176.8230088495575,ORB
1080,Tech_Park,176.99115044247787,ORB
1081,Tech_Park,176.99115044247787,ORB
1082,Tech_Park,176.99115044247787,ORB
1083,Tech_Park,176.99115044247787,ORB
1084,Tech_Park,176.99115044247787,ORB
1085,Tech_Park,176.99115044247787,ORB
1086,Tech_Park,176.99115044247787,ORB
1087,Tech_Park,176.99115044247787,ORB
1088,Tech_Park,176.99115044247787,ORB
1089,Tech_Park,176.99115044247787,ORB
1090,Tech_Park,177.0,ORB
1091,Tech_Park,176.99115044247787,ORB
1092,Tech_Park,176.99115044247787,ORB
1093,Tech_Park,176.99115044247787,ORB
1094,Tech_Park,176.99115044247787,ORB
1095,Tech_Park,176.99115044247787,ORB
1096,Tech_Park,176.99115044247787,ORB
1097,Tech_Park,176.99115044247787,ORB
1098,Tech_Park,174.46902654867256,ORB
1099,Tech_Park,176.99115044247787,ORB
1100,Tech_Park,176.99115044247787,ORB
1101,Tech_Park,176.99115044247787,ORB
1102,Tech_Park,176.99115044247787,ORB
1103,Tech_Park,176.99115044247787,ORB
1104,Tech_Park,176.99115044247787,ORB
1105,Tech_Park,176.99115044247787,ORB
1106,Tech_Park,176.99115044247787,ORB
1107,Tech_Park,176.99115044247787,ORB
1108,Tech_Park,176.99115044247787,ORB
1109,Tech_Park,176.99115044247787,ORB
1110,Tech_Park,176.99115044247787,ORB
1111,Tech_Park,176.99115044247787,ORB
1112,Tech_Park,176.99115044247787,ORB
1113,Tech_Park,175.8849557522124,ORB
1114,Tech_Park,176.99115044247787,ORB
1115,Tech_Park,176.99115044247787,ORB
1116,Tech_Park,176.99115044247787,ORB
1117,Tech_Park,176.99115044247787,ORB
1118,Tech_Park,176.99115044247787,ORB
1119,Tech_Park,176.99115044247787,ORB
1120,Tech_Park,176.99115044247787,ORB
1121,Tech_Park,176.99115044247787,ORB
1122,Tech_Park,176.99115044247787,ORB
1123,Tech_Park,176.99115044247787,ORB
1124,Tech_Park,176.99115044247787,ORB
1125,Tech_Park,176.99115044247787,ORB
1126,Tech_Park,176.99115044247787,ORB
1127,Tech_Park,176.99115044247787,ORB
1128,Tech_Park,176.99115044247787,ORB
1129,Tech_Park,176.99115044247787,ORB
1130,Tech_Park,99.96460176991151,RootSIFT
1131,Tech_Park,72.05309734513274,RootSIFT
1132,Tech_Park,95.39823008849558,RootSIFT
1133,Tech_Park,129.73451327433628,RootSIFT
1134,Tech_Park,113.99115044247787,RootSIFT
1135,Tech_Park,113.8141592920354,RootSIFT
1136,Tech_Park,205.21238938053096,RootSIFT
1137,Tech_Park,422.16814159292034,RootSIFT
1138,Tech_Park,538.212389380531,RootSIFT
1139,Tech_Park,573.5486725663717,RootSIFT
1140,Tech_Park,533.6017699115044,RootSIFT
1141,Tech_Park,413.0,RootSIFT
1142,Tech_Park,359.86725663716817,RootSIFT
1143,Tech_Park,393.5929203539823,RootSIFT
1144,Tech_Park,169.9646017699115,RootSIFT
1145,Tech_Park,247.4513274336283,RootSIFT
1146,Tech_Park,379.72566371681415,RootSIFT
1147,Tech_Park,481.27433628318585,RootSIFT
1148,Tech_Park,496.75221238938053,RootSIFT
1149,Tech_Park,546.2566371681415,RootSIFT
1150,Tech_Park,336.92035398230087,RootSIFT
1151,Tech_Park,113.88495575221239,RootSIFT
1152,Tech_Park,100.97345132743362,RootSIFT
1153,Tech_Park,115.88495575221239,RootSIFT
1154,Tech_Park,132.10619469026548,RootSIFT
1155,Tech_Park,79.98230088495575,RootSIFT
1156,Tech_Park,72.85840707964601,RootSIFT
1157,Tech_Park,118.070796460177,RootSIFT
1158,Tech_Park,132.12389380530973,RootSIFT
1159,Tech_Park,136.79646017699116,RootSIFT
1160,Tech_Park,110.71681415929204,RootSIFT
1161,Tech_Park,99.24778761061947,RootSIFT
1162,Tech_Park,86.89380530973452,RootSIFT
1163,Tech_Park,118.16814159292035,RootSIFT
1164,Tech_Park,124.72566371681415,RootSIFT
1165,Tech_Park,123.79646017699115,RootSIFT
1166,Tech_Park,131.0796460176991,RootSIFT
1167,Tech_Park,164.53982300884957,RootSIFT
1168,Tech_Park,329.5221238938053,RootSIFT
1169,Tech_Park,398.92035398230087,RootSIFT
1170,Tech_Park,407.14159292035396,RootSIFT
1171,Tech_Park,347.9734513274336,RootSIFT
1172,Tech_Park,244.78761061946904,RootSIFT
1173,Tech_Park,179.63716814159292,RootSIFT
1174,Tech_Park,285.04424778761063,RootSIFT
1175,Tech_Park,300.3805309734513,RootSIFT
1176,Tech_Park,355.7787610619469,RootSIFT
1177,Tech_Park,434.646017699115,RootSIFT
1178,Tech_Park,364.12389380530976,RootSIFT
1179,Tech_Park,199.7787610619469,RootSIFT
1180,Tech_Park,158.1769911504425,RootSIFT
1181,Tech_Park,165.83185840707964,RootSIFT
1182,Tech_Park,133.2566371681416,RootSIFT
1183,Tech_Park,147.5486725663717,RootSIFT
1184,Tech_Park,160.34513274336283,RootSIFT
1185,Tech_Park,152.99115044247787,RootSIFT
1186,Tech_Park,170.141592920354,RootSIFT
1187,Tech_Park,125.05309734513274,RootSIFT
1188,Tech_Park,147.71681415929203,RootSIFT
1189,Tech_Park,159.26548672566372,RootSIFT
1190,Tech_Park,123.64601769911505,RootSIFT
1191,Tech_Park,87.49557522123894,RootSIFT
1192,Tech_Park,69.24778761061947,RootSIFT
1193,Tech_Park,102.22123893805309,RootSIFT
1194,Tech_Park,143.141592920354,RootSIFT
1195,Tech_Park,132.49557522123894,RootSIFT
1196,Tech_Park,110.76106194690266,RootSIFT
1197,Tech_Park,228.4070796460177,RootSIFT
1198,Tech_Park,491.16814159292034,RootSIFT
1199,Tech_Park,549.8761061946902,RootSIFT
1200,Tech_Park,599.5309734513274,RootSIFT
1201,Tech_Park,541.7964601769911,RootSIFT
1202,Tech_Park,525.7610619469026,RootSIFT
1203,Tech_Park,481.78761061946904,RootSIFT
1204,Tech_Park,571.7699115044247,RootSIFT
1205,Tech_Park,517.9469026548672,RootSIFT
1206,Tech_Park,471.070796460177,RootSIFT
1207,Tech_Park,445.30973451327435,RootSIFT
1208,Tech_Park,427.1858407079646,RootSIFT
1209,Tech_Park,360.57522123893807,RootSIFT
1210,Tech_Park,258.9380530973451,RootSIFT
1211,Tech_Park,102.50442477876106,RootSIFT
1212,Tech_Park,151.7787610619469,RootSIFT
1213,Tech_Park,188.43362831858408,RootSIFT
1214,Tech_Park,142.99115044247787,RootSIFT
1215,Tech_Park,108.26548672566372,RootSIFT
1216,Tech_Park,71.52212389380531,RootSIFT
1217,Tech_Park,117.51327433628319,RootSIFT
1218,Tech_Park,167.13274336283186,RootSIFT
1219,Tech_Park,210.5929203539823,RootSIFT
1220,Tech_Park,170.81415929203538,RootSIFT
1221,Tech_Park,193.32743362831857,RootSIFT
1222,Tech_Park,173.95575221238937,RootSIFT
1223,Tech_Park,229.20353982300884,RootSIFT
1224,Tech_Park,178.91150442477877,RootSIFT
1225,Tech_Park,187.49557522123894,RootSIFT
1226,Tech_Park,181.5486725663717,RootSIFT
1227,Tech_Park,195.9646017699115,RootSIFT
1228,Tech_Park,206.60176991150442,RootSIFT
1229,Tech_Park,241.1150442477876,RootSIFT
1230,Tech_Park,401.6371681415929,RootSIFT
1231,Tech_Park,481.14159292035396,RootSIFT
1232,Tech_Park,426.0265486725664,RootSIFT
1233,Tech_Park,530.433628318584,RootSIFT
1234,Tech_Park,376.7079646017699,RootSIFT
1235,Tech_Park,385.08849557522126,RootSIFT
1236,Tech_Park,320.53982300884957,RootSIFT
1237,Tech_Park,279.0973451327434,RootSIFT
1238,Tech_Park,208.3362831858407,RootSIFT
1239,Tech_Park,199.50442477876106,RootSIFT
1240,Tech_Park,244.20353982300884,RootSIFT
1241,Tech_Park,208.1769911504425,RootSIFT
1242,Tech_Park,239.7079646017699,RootSIFT
1243,Tech_Park,99.96460176991151,SIFT
1244,Tech_Park,72.05309734513274,SIFT
1245,Tech_Park,95.39823008849558,SIFT
1246,Tech_Park,129.73451327433628,SIFT
1247,Tech_Park,113.99115044247787,SIFT
1248,Tech_Park,113.8141592920354,SIFT
1249,Tech_Park,205.21238938053096,SIFT
1250,Tech_Park,422.16814159292034,SIFT
1251,Tech_Park,538.212389380531,SIFT
1252,Tech_Park,573.5486725663717,SIFT
1253,Tech_Park,533.6017699115044,SIFT
1254,Tech_Park,413.0,SIFT
1255,Tech_Park,359.86725663716817,SIFT
1256,Tech_Park,393.5929203539823,SIFT
1257,Tech_Park,169.9646017699115,SIFT
1258,Tech_Park,247.4513274336283,SIFT
1259,Tech_Park,379.72566371681415,SIFT
1260,Tech_Park,481.27433628318585,SIFT
1261,Tech_Park,496.75221238938053,SIFT
1262,Tech_Park,546.2566371681415,SIFT
1263,Tech_Park,336.92035398230087,SIFT
1264,Tech_Park,113.88495575221239,SIFT
1265,Tech_Park,100.97345132743362,SIFT
1266,Tech_Park,115.88495575221239,SIFT
1267,Tech_Park,132.10619469026548,SIFT
1268,Tech_Park,79.98230088495575,SIFT
1269,Tech_Park,72.85840707964601,SIFT
1270,Tech_Park,118.070796460177,SIFT
1271,Tech_Park,132.12389380530973,SIFT
1272,Tech_Park,136.79646017699116,SIFT
1273,Tech_Park,110.71681415929204,SIFT
1274,Tech_Park,99.24778761061947,SIFT
1275,Tech_Park,86.89380530973452,SIFT
1276,Tech_Park,118.16814159292035,SIFT
1277,Tech_Park,124.72566371681415,SIFT
1278,Tech_Park,123.79646017699115,SIFT
1279,Tech_Park,131.0796460176991,SIFT
1280,Tech_Park,164.53982300884957,SIFT
1281,Tech_Park,329.5221238938053,SIFT
1282,Tech_Park,398.92035398230087,SIFT
1283,Tech_Park,407.14159292035396,SIFT
1284,Tech_Park,347.9734513274336,SIFT
1285,Tech_Park,244.78761061946904,SIFT
1286,Tech_Park,179.63716814159292,SIFT
1287,Tech_Park,285.04424778761063,SIFT
1288,Tech_Park,300.3805309734513,SIFT
1289,Tech_Park,355.7787610619469,SIFT
1290,Tech_Park,434.646017699115,SIFT
1291,Tech_Park,364.12389380530976,SIFT
1292,Tech_Park,199.7787610619469,SIFT
1293,Tech_Park,158.1769911504425,SIFT
1294,Tech_Park,165.83185840707964,SIFT
1295,Tech_Park,133.2566371681416,SIFT
1296,Tech_Park,147.5486725663717,SIFT
1297,Tech_Park,160.34513274336283,SIFT
1298,Tech_Park,152.99115044247787,SIFT
1299,Tech_Park,170.141592920354,SIFT
1300,Tech_Park,125.05309734513274,SIFT
1301,Tech_Park,147.71681415929203,SIFT
1302,Tech_Park,159.26548672566372,SIFT
1303,Tech_Park,123.64601769911505,SIFT
1304,Tech_Park,87.49557522123894,SIFT
1305,Tech_Park,69.24778761061947,SIFT
1306,Tech_Park,102.22123893805309,SIFT
1307,Tech_Park,143.141592920354,SIFT
1308,Tech_Park,132.49557522123894,SIFT
1309,Tech_Park,110.76106194690266,SIFT
1310,Tech_Park,228.4070796460177,SIFT
1311,Tech_Park,491.16814159292034,SIFT
1312,Tech_Park,549.8761061946902,SIFT
1313,Tech_Park,599.5309734513274,SIFT
1314,Tech_Park,541.7964601769911,SIFT
1315,Tech_Park,525.7610619469026,SIFT
1316,Tech_Park,481.78761061946904,SIFT
1317,Tech_Park,571.7699115044247,SIFT
1318,Tech_Park,517.9469026548672,SIFT
1319,Tech_Park,471.070796460177,SIFT
1320,Tech_Park,445.30973451327435,SIFT
1321,Tech_Park,427.1858407079646,SIFT
1322,Tech_Park,360.57522123893807,SIFT
1323,Tech_Park,258.9380530973451,SIFT
1324,Tech_Park,102.50442477876106,SIFT
1325,Tech_Park,151.7787610619469,SIFT
1326,Tech_Park,188.43362831858408,SIFT
1327,Tech_Park,142.99115044247787,SIFT
1328,Tech_Park,108.26548672566372,SIFT
1329,Tech_Park,71.52212389380531,SIFT
1330,Tech_Park,117.51327433628319,SIFT
1331,Tech_Park,167.13274336283186,SIFT
1332,Tech_Park,210.5929203539823,SIFT
1333,Tech_Park,170.81415929203538,SIFT
1334,Tech_Park,193.32743362831857,SIFT
1335,Tech_Park,173.95575221238937,SIFT
1336,Tech_Park,229.20353982300884,SIFT
1337,Tech_Park,178.91150442477877,SIFT
1338,Tech_Park,187.49557522123894,SIFT
1339,Tech_Park,181.5486725663717,SIFT
1340,Tech_Park,195.9646017699115,SIFT
1341,Tech_Park,206.60176991150442,SIFT
1342,Tech_Park,241.1150442477876,SIFT
1343,Tech_Park,401.6371681415929,SIFT
1344,Tech_Park,481.14159292035396,SIFT
1345,Tech_Park,426.0265486725664,SIFT
1346,Tech_Park,530.433628318584,SIFT
1347,Tech_Park,376.7079646017699,SIFT
1348,Tech_Park,385.08849557522126,SIFT
1349,Tech_Park,320.53982300884957,SIFT
1350,Tech_Park,279.0973451327434,SIFT
1351,Tech_Park,208.3362831858407,SIFT
1352,Tech_Park,199.50442477876106,SIFT
1353,Tech_Park,244.20353982300884,SIFT
1354,Tech_Park,208.1769911504425,SIFT
1355,Tech_Park,239.7079646017699,SIFT
1356,Tech_Park,25.38053097345133,STAR+BRIEF
1357,Tech_Park,17.442477876106196,STAR+BRIEF
1358,Tech_Park,27.964601769911503,STAR+BRIEF
1359,Tech_Park,39.982300884955755,STAR+BRIEF
1360,Tech_Park,29.938053097345133,STAR+BRIEF
1361,Tech_Park,21.469026548672566,STAR+BRIEF
1362,Tech_Park,51.24778761061947,STAR+BRIEF
1363,Tech_Park,124.95575221238938,STAR+BRIEF
1364,Tech_Park,165.20353982300884,STAR+BRIEF
1365,Tech_Park,184.86725663716814,STAR+BRIEF
1366,Tech_Park,187.67256637168143,STAR+BRIEF
1367,Tech_Park,136.57522123893804,STAR+BRIEF
1368,Tech_Park,118.53982300884955,STAR+BRIEF
1369,Tech_Park,120.46017699115045,STAR+BRIEF
1370,Tech_Park,29.27433628318584,STAR+BRIEF
1371,Tech_Park,56.04424778761062,STAR+BRIEF
1372,Tech_Park,100.38938053097345,STAR+BRIEF
1373,Tech_Park,140.13274336283186,STAR+BRIEF
1374,Tech_Park,139.32743362831857,STAR+BRIEF
1375,Tech_Park,158.98230088495575,STAR+BRIEF
1376,Tech_Park,90.08849557522124,STAR+BRIEF
1377,Tech_Park,20.628318584070797,STAR+BRIEF
1378,Tech_Park,19.43362831858407,STAR+BRIEF
1379,Tech_Park,25.07079646017699,STAR+BRIEF
1380,Tech_Park,36.47787610619469,STAR+BRIEF
1381,Tech_Park,15.575221238938052,STAR+BRIEF
1382,Tech_Park,14.548672566371682,STAR+BRIEF
1383,Tech_Park,25.327433628318584,STAR+BRIEF
1384,Tech_Park,23.628318584070797,STAR+BRIEF
1385,Tech_Park,24.398230088495577,STAR+BRIEF
1386,Tech_Park,19.893805309734514,STAR+BRIEF
1387,Tech_Park,21.513274336283185,STAR+BRIEF
1388,Tech_Park,16.38053097345133,STAR+BRIEF
1389,Tech_Park,23.8141592920354,STAR+BRIEF
1390,Tech_Park,29.292035398230087,STAR+BRIEF
1391,Tech_Park,25.424778761061948,STAR+BRIEF
1392,Tech_Park,23.991150442477878,STAR+BRIEF
1393,Tech_Park,29.4070796460177,STAR+BRIEF
1394,Tech_Park,82.12389380530973,STAR+BRIEF
1395,Tech_Park,91.6283185840708,STAR+BRIEF
1396,Tech_Park,88.30973451327434,STAR+BRIEF
1397,Tech_Park,77.42477876106194,STAR+BRIEF
1398,Tech_Park,44.80530973451327,STAR+BRIEF
1399,Tech_Park,31.097345132743364,STAR+BRIEF
1400,Tech_Park,56.123893805309734,STAR+BRIEF
1401,Tech_Park,72.1858407079646,STAR+BRIEF
1402,Tech_Park,89.51327433628319,STAR+BRIEF
1403,Tech_Park,109.16814159292035,STAR+BRIEF
1404,Tech_Park,79.75221238938053,STAR+BRIEF
1405,Tech_Park,34.3716814159292,STAR+BRIEF
1406,Tech_Park,26.292035398230087,STAR+BRIEF
1407,Tech_Park,21.991150442477878,STAR+BRIEF
1408,Tech_Park,21.716814159292035,STAR+BRIEF
1409,Tech_Park,20.27433628318584,STAR+BRIEF
1410,Tech_Park,23.292035398230087,STAR+BRIEF
1411,Tech_Park,24.238938053097346,STAR+BRIEF
1412,Tech_Park,27.300884955752213,STAR+BRIEF
1413,Tech_Park,22.964601769911503,STAR+BRIEF
1414,Tech_Park,20.13274336283186,STAR+BRIEF
1415,Tech_Park,24.646017699115045,STAR+BRIEF
1416,Tech_Park,25.24778761061947,STAR+BRIEF
1417,Tech_Park,18.75221238938053,STAR+BRIEF
1418,Tech_Park,17.168141592920353,STAR+BRIEF
1419,Tech_Park,27.601769911504423,STAR+BRIEF
1420,Tech_Park,34.1858407079646,STAR+BRIEF
1421,Tech_Park,24.24778761061947,STAR+BRIEF
1422,Tech_Park,22.265486725663717,STAR+BRIEF
1423,Tech_Park,46.72566371681416,STAR+BRIEF
1424,Tech_Park,134.38053097345133,STAR+BRIEF
1425,Tech_Park,165.81415929203538,STAR+BRIEF
1426,Tech_Park,193.91150442477877,STAR+BRIEF
1427,Tech_Park,188.71681415929203,STAR+BRIEF
1428,Tech_Park,180.95575221238937,STAR+BRIEF
1429,Tech_Park,156.79646017699116,STAR+BRIEF
1430,Tech_Park,196.94690265486724,STAR+BRIEF
1431,Tech_Park,190.41592920353983,STAR+BRIEF
1432,Tech_Park,154.00884955752213,STAR+BRIEF
1433,Tech_Park,132.72566371681415,STAR+BRIEF
1434,Tech_Park,127.91150442477876,STAR+BRIEF
1435,Tech_Park,97.61946902654867,STAR+BRIEF
1436,Tech_Park,55.9646017699115,STAR+BRIEF
1437,Tech_Park,15.29203539823009,STAR+BRIEF
1438,Tech_Park,31.76991150442478,STAR+BRIEF
1439,Tech_Park,41.72566371681416,STAR+BRIEF
1440,Tech_Park,34.5929203539823,STAR+BRIEF
1441,Tech_Park,19.964601769911503,STAR+BRIEF
1442,Tech_Park,14.141592920353983,STAR+BRIEF
1443,Tech_Park,28.575221238938052,STAR+BRIEF
1444,Tech_Park,36.14159292035398,STAR+BRIEF
1445,Tech_Park,47.52212389380531,STAR+BRIEF
1446,Tech_Park,34.1858407079646,STAR+BRIEF
1447,Tech_Park,46.43362831858407,STAR+BRIEF
1448,Tech_Park,43.849557522123895,STAR+BRIEF
1449,Tech_Park,49.32743362831859,STAR+BRIEF
1450,Tech_Park,46.575221238938056,STAR+BRIEF
1451,Tech_Park,29.86725663716814,STAR+BRIEF
1452,Tech_Park,10.920353982300885,STAR+BRIEF
1453,Tech_Park,28.98230088495575,STAR+BRIEF
1454,Tech_Park,42.78761061946903,STAR+BRIEF
1455,Tech_Park,44.11504424778761,STAR+BRIEF
1456,Tech_Park,93.84070796460178,STAR+BRIEF
1457,Tech_Park,132.87610619469027,STAR+BRIEF
1458,Tech_Park,118.70796460176992,STAR+BRIEF
1459,Tech_Park,179.71681415929203,STAR+BRIEF
1460,Tech_Park,90.78761061946902,STAR+BRIEF
1461,Tech_Park,93.070796460177,STAR+BRIEF
1462,Tech_Park,64.5575221238938,STAR+BRIEF
1463,Tech_Park,55.796460176991154,STAR+BRIEF
1464,Tech_Park,34.53982300884956,STAR+BRIEF
1465,Tech_Park,33.34513274336283,STAR+BRIEF
1466,Tech_Park,30.734513274336283,STAR+BRIEF
1467,Tech_Park,15.584070796460177,STAR+BRIEF
1468,Tech_Park,44.743362831858406,STAR+BRIEF
1469,Tech_Park,67.2566371681416,SuperPoint
1470,Tech_Park,58.78761061946903,SuperPoint
1471,Tech_Park,59.68141592920354,SuperPoint
1472,Tech_Park,67.46902654867256,SuperPoint
1473,Tech_Park,58.91150442477876,SuperPoint
1474,Tech_Park,49.5929203539823,SuperPoint
1475,Tech_Park,42.78761061946903,SuperPoint
1476,Tech_Park,30.557522123893804,SuperPoint
1477,Tech_Park,28.451327433628318,SuperPoint
1478,Tech_Park,26.36283185840708,SuperPoint
1479,Tech_Park,27.56637168141593,SuperPoint
1480,Tech_Park,38.31858407079646,SuperPoint
1481,Tech_Park,46.584070796460175,SuperPoint
1482,Tech_Park,39.50442477876106,SuperPoint
1483,Tech_Park,50.017699115044245,SuperPoint
1484,Tech_Park,43.16814159292036,SuperPoint
1485,Tech_Park,25.938053097345133,SuperPoint
1486,Tech_Park,16.061946902654867,SuperPoint
1487,Tech_Park,17.82300884955752,SuperPoint
1488,Tech_Park,19.0,SuperPoint
1489,Tech_Park,25.690265486725664,SuperPoint
1490,Tech_Park,41.89380530973451,SuperPoint
1491,Tech_Park,46.902654867256636,SuperPoint
1492,Tech_Park,63.38053097345133,SuperPoint
1493,Tech_Park,64.56637168141593,SuperPoint
1494,Tech_Park,35.56637168141593,SuperPoint
1495,Tech_Park,45.0353982300885,SuperPoint
1496,Tech_Park,59.64601769911504,SuperPoint
1497,Tech_Park,47.52212389380531,SuperPoint
1498,Tech_Park,47.982300884955755,SuperPoint
1499,Tech_Park,48.54867256637168,SuperPoint
1500,Tech_Park,38.823008849557525,SuperPoint
1501,Tech_Park,40.11504424778761,SuperPoint
1502,Tech_Park,53.584070796460175,SuperPoint
1503,Tech_Park,73.929203539823,SuperPoint
1504,Tech_Park,50.39823008849557,SuperPoint
1505,Tech_Park,39.49557522123894,SuperPoint
1506,Tech_Park,40.123893805309734,SuperPoint
1507,Tech_Park,31.256637168141594,SuperPoint
1508,Tech_Park,15.451327433628318,SuperPoint
1509,Tech_Park,13.91150442477876,SuperPoint
1510,Tech_Park,12.752212389380531,SuperPoint
1511,Tech_Park,41.415929203539825,SuperPoint
1512,Tech_Park,59.84070796460177,SuperPoint
1513,Tech_Park,45.36283185840708,SuperPoint
1514,Tech_Park,37.60176991150443,SuperPoint
1515,Tech_Park,19.911504424778762,SuperPoint
1516,Tech_Park,19.47787610619469,SuperPoint
1517,Tech_Park,19.123893805309734,SuperPoint
1518,Tech_Park,41.75221238938053,SuperPoint
1519,Tech_Park,39.575221238938056,SuperPoint
1520,Tech_Park,27.911504424778762,SuperPoint
1521,Tech_Park,34.38053097345133,SuperPoint
1522,Tech_Park,42.097345132743364,SuperPoint
1523,Tech_Park,33.389380530973455,SuperPoint
1524,Tech_Park,31.858407079646017,SuperPoint
1525,Tech_Park,28.690265486725664,SuperPoint
1526,Tech_Park,58.78761061946903,SuperPoint
1527,Tech_Park,59.68141592920354,SuperPoint
1528,Tech_Park,67.46902654867256,SuperPoint
1529,Tech_Park,58.91150442477876,SuperPoint
1530,Tech_Park,49.5929203539823,SuperPoint
1531,Tech_Park,42.78761061946903,SuperPoint
1532,Tech_Park,30.557522123893804,SuperPoint
1533,Tech_Park,28.451327433628318,SuperPoint
1534,Tech_Park,26.36283185840708,SuperPoint
1535,Tech_Park,27.56637168141593,SuperPoint
1536,Tech_Park,38.31858407079646,SuperPoint
1537,Tech_Park,46.584070796460175,SuperPoint
1538,Tech_Park,39.50442477876106,SuperPoint
1539,Tech_Park,50.017699115044245,SuperPoint
1540,Tech_Park,43.16814159292036,SuperPoint
1541,Tech_Park,25.938053097345133,SuperPoint
1542,Tech_Park,16.061946902654867,SuperPoint
1543,Tech_Park,17.82300884955752,SuperPoint
1544,Tech_Park,19.0,SuperPoint
1545,Tech_Park,25.690265486725664,SuperPoint
1546,Tech_Park,41.89380530973451,SuperPoint
1547,Tech_Park,46.902654867256636,SuperPoint
1548,Tech_Park,63.38053097345133,SuperPoint
1549,Tech_Park,64.56637168141593,SuperPoint
1550,Tech_Park,35.56637168141593,SuperPoint
1551,Tech_Park,45.0353982300885,SuperPoint
1552,Tech_Park,59.64601769911504,SuperPoint
1553,Tech_Park,47.52212389380531,SuperPoint
1554,Tech_Park,47.982300884955755,SuperPoint
1555,Tech_Park,48.54867256637168,SuperPoint
1556,Tech_Park,38.823008849557525,SuperPoint
1557,Tech_Park,40.11504424778761,SuperPoint
1558,Tech_Park,53.584070796460175,SuperPoint
1559,Tech_Park,73.929203539823,SuperPoint
1560,Tech_Park,50.39823008849557,SuperPoint
1561,Tech_Park,39.49557522123894,SuperPoint
1562,Tech_Park,40.123893805309734,SuperPoint
1563,Tech_Park,31.256637168141594,SuperPoint
1564,Tech_Park,15.451327433628318,SuperPoint
1565,Tech_Park,13.91150442477876,SuperPoint
1566,Tech_Park,12.752212389380531,SuperPoint
1567,Tech_Park,41.415929203539825,SuperPoint
1568,Tech_Park,59.84070796460177,SuperPoint
1569,Tech_Park,45.36283185840708,SuperPoint
1570,Tech_Park,37.60176991150443,SuperPoint
1571,Tech_Park,19.911504424778762,SuperPoint
1572,Tech_Park,19.47787610619469,SuperPoint
1573,Tech_Park,19.123893805309734,SuperPoint
1574,Tech_Park,41.75221238938053,SuperPoint
1575,Tech_Park,39.575221238938056,SuperPoint
1576,Tech_Park,27.911504424778762,SuperPoint
1577,Tech_Park,34.38053097345133,SuperPoint
1578,Tech_Park,42.097345132743364,SuperPoint
1579,Tech_Park,33.389380530973455,SuperPoint
1580,Tech_Park,31.858407079646017,SuperPoint
1581,Tech_Park,28.690265486725664,SuperPoint
1582,Tech_Park,419.9646017699115,SURF
1583,Tech_Park,365.3893805309734,SURF
1584,Tech_Park,260.6725663716814,SURF
1585,Tech_Park,272.1061946902655,SURF
1586,Tech_Park,300.83185840707966,SURF
1587,Tech_Park,263.1858407079646,SURF
1588,Tech_Park,278.8053097345133,SURF
1589,Tech_Park,396.08849557522126,SURF
1590,Tech_Park,479.7079646017699,SURF
1591,Tech_Park,456.8938053097345,SURF
1592,Tech_Park,391.353982300885,SURF
1593,Tech_Park,320.62831858407077,SURF
1594,Tech_Park,295.6725663716814,SURF
1595,Tech_Park,319.3805309734513,SURF
1596,Tech_Park,203.01769911504425,SURF
1597,Tech_Park,257.5929203539823,SURF
1598,Tech_Park,327.3185840707965,SURF
1599,Tech_Park,402.2300884955752,SURF
1600,Tech_Park,422.8938053097345,SURF
1601,Tech_Park,459.6371681415929,SURF
1602,Tech_Park,341.85840707964604,SURF
1603,Tech_Park,250.78761061946904,SURF
1604,Tech_Park,211.67256637168143,SURF
1605,Tech_Park,214.8495575221239,SURF
1606,Tech_Park,255.46902654867256,SURF
1607,Tech_Park,280.69026548672565,SURF
1608,Tech_Park,240.7079646017699,SURF
1609,Tech_Park,506.69026548672565,SURF
1610,Tech_Park,276.4424778761062,SURF
1611,Tech_Park,303.3008849557522,SURF
1612,Tech_Park,275.27433628318585,SURF
1613,Tech_Park,290.08849557522126,SURF
1614,Tech_Park,529.4955752212389,SURF
1615,Tech_Park,297.2920353982301,SURF
1616,Tech_Park,228.97345132743362,SURF
1617,Tech_Park,294.716814159292,SURF
1618,Tech_Park,276.1946902654867,SURF
1619,Tech_Park,273.57522123893807,SURF
1620,Tech_Park,313.27433628318585,SURF
1621,Tech_Park,374.5575221238938,SURF
1622,Tech_Park,408.8141592920354,SURF
1623,Tech_Park,370.34513274336285,SURF
1624,Tech_Park,295.78761061946904,SURF
1625,Tech_Park,316.5929203539823,SURF
1626,Tech_Park,294.83185840707966,SURF
1627,Tech_Park,342.11504424778764,SURF
1628,Tech_Park,407.070796460177,SURF
1629,Tech_Park,357.04424778761063,SURF
1630,Tech_Park,359.08849557522126,SURF
1631,Tech_Park,287.3805309734513,SURF
1632,Tech_Park,363.78761061946904,SURF
1633,Tech_Park,407.6371681415929,SURF
1634,Tech_Park,284.60176991150445,SURF
1635,Tech_Park,252.2212389380531,SURF
1636,Tech_Park,276.7699115044248,SURF
1637,Tech_Park,526.3185840707964,SURF
1638,Tech_Park,401.0619469026549,SURF
1639,Tech_Park,301.9380530973451,SURF
1640,Tech_Park,368.11504424778764,SURF
1641,Tech_Park,296.6106194690266,SURF
1642,Tech_Park,258.78761061946904,SURF
1643,Tech_Park,200.8495575221239,SURF
1644,Tech_Park,195.69911504424778,SURF
1645,Tech_Park,219.6637168141593,SURF
1646,Tech_Park,261.65486725663715,SURF
1647,Tech_Park,265.30973451327435,SURF
1648,Tech_Park,230.5929203539823,SURF
1649,Tech_Park,249.75221238938053,SURF
1650,Tech_Park,409.8495575221239,SURF
1651,Tech_Park,360.3185840707965,SURF
1652,Tech_Park,398.46017699115043,SURF
1653,Tech_Park,321.21238938053096,SURF
1654,Tech_Park,386.1946902654867,SURF
1655,Tech_Park,381.92035398230087,SURF
1656,Tech_Park,441.2300884955752,SURF
1657,Tech_Park,385.8053097345133,SURF
1658,Tech_Park,355.46017699115043,SURF
1659,Tech_Park,408.716814159292,SURF
1660,Tech_Park,375.23893805309734,SURF
1661,Tech_Park,340.17699115044246,SURF
1662,Tech_Park,315.27433628318585,SURF
1663,Tech_Park,172.27433628318585,SURF
1664,Tech_Park,243.97345132743362,SURF
1665,Tech_Park,229.64601769911505,SURF
1666,Tech_Park,237.67256637168143,SURF
1667,Tech_Park,162.61061946902655,SURF
1668,Tech_Park,157.38053097345133,SURF
1669,Tech_Park,228.7079646017699,SURF
1670,Tech_Park,277.9646017699115,SURF
1671,Tech_Park,307.5221238938053,SURF
1672,Tech_Park,278.39823008849555,SURF
1673,Tech_Park,270.4159292035398,SURF
1674,Tech_Park,253.86725663716814,SURF
1675,Tech_Park,289.0973451327434,SURF
1676,Tech_Park,264.8053097345133,SURF
1677,Tech_Park,275.57522123893807,SURF
1678,Tech_Park,219.61946902654867,SURF
1679,Tech_Park,274.2920353982301,SURF
1680,Tech_Park,287.8495575221239,SURF
1681,Tech_Park,268.92035398230087,SURF
1682,Tech_Park,360.5840707964602,SURF
1683,Tech_Park,348.62831858407077,SURF
1684,Tech_Park,386.8407079646018,SURF
1685,Tech_Park,401.2566371681416,SURF
1686,Tech_Park,395.8495575221239,SURF
1687,Tech_Park,372.1592920353982,SURF
1688,Tech_Park,378.9734513274336,SURF
1689,Tech_Park,375.39823008849555,SURF
1690,Tech_Park,368.91150442477874,SURF
1691,Tech_Park,337.82300884955754,SURF
1692,Tech_Park,337.88495575221236,SURF
1693,Tech_Park,263.8141592920354,SURF
1694,Tech_Park,312.1946902654867,SURF
